session,playerid,damage_done,healing_done,handle,clan,best_genre,position,player_performance_metric,dps_quality,player_dkp_gen_rate
28,9,128752.0,0,tobin,OOTM,rp,tank,100587.5,Low,85499.375
18,9,129209.0,0,tobin,OOTM,rp,tank,100944.53125,Low,85802.8515625
8,1,132603.0,0,slayth,TL,pve,tank,103596.09375,Low,88056.6796875
11,9,133764.0,0,tobin,OOTM,rp,tank,104503.125,Low,88827.65625
10,1,137627.0,0,slayth,TL,pve,tank,107521.09375,Low,91392.9296875
20,9,146718.0,0,tobin,OOTM,rp,tank,114623.4375,Low,97429.921875
12,1,150561.0,0,slayth,TL,pve,tank,117625.78125,Low,99981.9140625
14,9,153473.0,0,tobin,OOTM,rp,tank,119900.78125,Low,101915.6640625
20,1,165465.0,0,slayth,TL,pve,tank,129269.53125,Low,109879.1015625
17,8,6937.0,103499,crystalline,OOTM,rp,healer,130006.45250000001,Low,110505.48462500001
16,9,169717.0,0,tobin,OOTM,rp,tank,132591.40625,Low,112702.6953125
1,9,174359.0,0,tobin,OOTM,rp,tank,136217.96875,Low,115785.2734375
16,4,9509.0,108585,bakko,TL,rp,healer,138138.1,Low,117417.385
38,1,179520.0,0,slayth,TL,pve,tank,140250.0,Low,119212.5
24,8,8777.0,114983,crystalline,OOTM,rp,healer,145267.8175,Low,123477.644875
26,1,186093.0,0,slayth,TL,pve,tank,145385.15625,Low,123577.3828125
31,1,188873.0,0,slayth,TL,pve,tank,147557.03125,Low,125423.4765625
16,6,7114.0,118963,cerdwin,TFW,pve,healer,148759.52375000002,Low,126445.59518750002
24,1,203573.0,0,slayth,TL,pve,tank,159041.40625,Low,135185.1953125
19,4,9481.0,126897,bakko,TL,rp,healer,160159.295,Low,136135.40075
21,8,6815.0,130746,crystalline,OOTM,rp,healer,162709.71625000003,Low,138303.25881250002
30,9,210983.0,0,tobin,OOTM,rp,tank,164830.46875,Low,140105.8984375
6,6,9352.0,138716,cerdwin,TFW,pve,healer,174285.635,Low,148142.78975
35,1,223238.0,0,slayth,TL,pve,tank,174404.6875,Low,148243.984375
23,9,226289.0,0,tobin,OOTM,rp,tank,176788.28125,Low,150270.0390625
32,1,227285.0,0,slayth,TL,pve,tank,177566.40625,Low,150931.4453125
36,1,229368.0,0,slayth,TL,pve,tank,179193.75,Low,152314.6875
24,13,9020.0,144581,foxflame,TFW,pvp,healer,181086.25375,Low,153923.3156875
10,8,8759.0,146353,crystalline,OOTM,rp,healer,183015.39250000002,Low,155563.083625
9,13,6463.0,148327,foxflame,TFW,pvp,healer,183597.845,Low,156058.16825
9,1,239182.0,0,slayth,TL,pve,tank,186860.9375,Low,158831.796875
1,4,8943.0,149511,bakko,TL,rp,healer,186960.58500000002,Low,158916.49725000001
34,1,239955.0,0,slayth,TL,pve,tank,187464.84375,Low,159345.1171875
15,4,6492.0,151646,bakko,TL,rp,healer,187615.74750000003,Low,159473.385375
20,13,5796.0,154217,foxflame,TFW,pvp,healer,190166.83875000002,Low,161641.8129375
17,9,244027.0,0,tobin,OOTM,rp,tank,190646.09375,Low,162049.1796875
1,8,5692.0,154859,crystalline,OOTM,rp,healer,190858.39625000002,Low,162229.63681250002
5,9,248071.0,0,tobin,OOTM,rp,tank,193805.46875,Low,164734.6484375
4,13,5753.0,158350,foxflame,TFW,pvp,healer,195108.34375000003,Low,165842.09218750003
23,2,7706.0,163121,kalea,TL,pve,healer,202377.21625000003,Low,172020.63381250002
37,4,9246.0,162746,bakko,TL,rp,healer,203128.93500000003,Low,172659.59475000002
29,1,261362.0,0,slayth,TL,pve,tank,204189.0625,Low,173560.703125
18,1,262055.0,0,slayth,TL,pve,tank,204730.46875,Low,174020.8984375
32,4,6283.0,166179,bakko,TL,rp,healer,204946.565,Low,174204.58025
3,1,263847.0,0,slayth,TL,pve,tank,206130.46875,Low,175210.8984375
4,6,7260.0,169114,cerdwin,TFW,pve,healer,209242.8525,Low,177856.424625
2,1,270074.0,0,slayth,TL,pve,tank,210995.3125,Low,179346.015625
2,6,9375.0,170379,cerdwin,TFW,pve,healer,212417.94,Low,180555.249
7,9,273149.0,0,tobin,OOTM,rp,tank,213397.65625,Low,181388.0078125
36,9,279663.0,0,tobin,OOTM,rp,tank,218486.71875,Low,185713.7109375
11,1,282295.0,0,slayth,TL,pve,tank,220542.96875,Low,187461.5234375
8,6,7452.0,179411,cerdwin,TFW,pve,healer,221787.86625000002,Low,188519.6863125
28,6,5526.0,180947,cerdwin,TFW,pve,healer,222132.13875,Low,188812.31793750002
10,13,5160.0,181837,foxflame,TFW,pvp,healer,222917.53875,Low,189479.90793750001
12,9,287968.0,0,tobin,OOTM,rp,tank,224975.0,Low,191228.75
34,2,6279.0,183020,kalea,TL,pve,healer,225215.79375,Low,191433.4246875
21,2,6366.0,184507,kalea,TL,pve,healer,227073.73875000002,Low,193012.6779375
23,1,290988.0,0,slayth,TL,pve,tank,227334.375,Low,193234.21875
26,4,6456.0,185857,bakko,TL,rp,healer,228769.11375000002,Low,194453.7466875
26,9,295345.0,0,tobin,OOTM,rp,tank,230738.28125,Low,196127.5390625
27,9,295920.0,0,tobin,OOTM,rp,tank,231187.5,Low,196509.375
1,1,299661.0,0,slayth,TL,pve,tank,234110.15625,Low,198993.6328125
27,1,303754.0,0,slayth,TL,pve,tank,237307.8125,Low,201711.640625
23,4,8293.0,192285,bakko,TL,rp,healer,237941.975,Low,202250.67875
8,9,305388.0,0,tobin,OOTM,rp,tank,238584.375,Low,202796.71875
26,6,5954.0,198484,cerdwin,TFW,pve,healer,243576.67750000002,Low,207040.17587500002
33,1,312378.0,0,slayth,TL,pve,tank,244045.3125,Low,207438.515625
9,9,322148.0,0,tobin,OOTM,rp,tank,251678.125,Low,213926.40625
19,2,7661.0,204432,kalea,TL,pve,healer,252070.17625000002,Low,214259.64981250002
3,4,5317.0,208567,bakko,TL,rp,healer,255216.43250000002,Low,216933.96762500002
33,9,329242.0,0,tobin,OOTM,rp,tank,257220.3125,Low,218637.265625
36,4,7987.0,209705,bakko,TL,rp,healer,258672.23750000002,Low,219871.401875
22,9,334729.0,0,tobin,OOTM,rp,tank,261507.03125,Low,222280.9765625
29,4,7121.0,214759,bakko,TL,rp,healer,264079.4275,Low,224467.51337499998
15,8,8069.0,214813,crystalline,OOTM,rp,healer,264885.05500000005,Low,225152.29675000004
17,13,7545.0,215656,foxflame,TFW,pvp,healer,265490.44125000003,Low,225666.8750625
35,9,341263.0,0,tobin,OOTM,rp,tank,266611.71875,Low,226619.9609375
31,13,6296.0,218608,foxflame,TFW,pvp,healer,268068.13,Low,227857.9105
17,4,9625.0,218660,bakko,TL,rp,healer,270731.50625000003,Low,230121.78031250002
32,13,8065.0,219915,foxflame,TFW,pvp,healer,271023.4625,Low,230369.94312500002
6,9,355540.0,0,tobin,OOTM,rp,tank,277765.625,Low,236100.78125
3,13,8882.0,225604,foxflame,TFW,pvp,healer,278509.8775,Low,236733.395875
34,9,359959.0,0,tobin,OOTM,rp,tank,281217.96875,Low,239035.2734375
32,9,360809.0,0,tobin,OOTM,rp,tank,281882.03125,Low,239599.7265625
12,13,9339.0,230412,foxflame,TFW,pvp,healer,284654.53875,Low,241956.3579375
37,2,7580.0,234658,kalea,TL,pve,healer,288391.4425,Low,245132.726125
33,13,5527.0,238407,foxflame,TFW,pvp,healer,291300.395,Low,247605.33575
6,1,375505.0,0,slayth,TL,pve,tank,293363.28125,Low,249358.7890625
4,9,376337.0,0,tobin,OOTM,rp,tank,294013.28125,Low,249911.2890625
12,8,7375.0,243178,crystalline,OOTM,rp,healer,298487.23625,Low,253714.1508125
2,9,385036.0,0,tobin,OOTM,rp,tank,300809.375,Low,255687.96875
30,2,7300.0,248084,kalea,TL,pve,healer,304334.24000000005,Low,258684.10400000002
15,9,391750.0,0,tobin,OOTM,rp,tank,306054.6875,Low,260146.484375
19,1,391852.0,0,slayth,TL,pve,tank,306134.375,Low,260214.21875
1,5,8279.0,250059,icily,TFW,pvp,dps,307476.49000000005,Low,261355.01650000003
25,13,8497.0,252038,foxflame,TFW,pvp,healer,310029.02375000005,Low,263524.6701875
3,2,5811.0,256382,kalea,TL,pve,healer,313159.67625,Low,266185.7248125
14,13,9180.0,259323,foxflame,TFW,pvp,healer,319331.93625,Low,271432.14581250004
14,4,9459.0,262681,bakko,TL,rp,healer,323592.09750000003,Low,275053.28287500003
27,2,5566.0,273465,kalea,TL,pve,healer,333531.93125,Low,283502.14156250004
20,8,6332.0,279717,crystalline,OOTM,rp,healer,341656.21375000005,Low,290407.7816875
8,2,5885.0,290774,kalea,TL,pve,healer,354616.85875,Low,301424.3299375
35,6,5456.0,296264,cerdwin,TFW,pve,healer,360890.29000000004,Low,306756.7465
28,13,6012.0,301853,foxflame,TFW,pvp,healer,368052.42375,Low,312844.5601875
25,2,5949.0,305516,kalea,TL,pve,healer,372412.54125,Low,316550.6600625
21,6,8885.0,310089,cerdwin,TFW,pve,healer,380211.04000000004,Low,323179.384
13,6,8708.0,312313,cerdwin,TFW,pve,healer,382749.89875000005,Low,325337.41393750004
33,4,7820.0,317701,bakko,TL,rp,healer,388541.95375000004,Low,330260.6606875
31,4,5760.0,320198,bakko,TL,rp,healer,389938.3425,Low,331447.59112500004
12,4,8133.0,320328,bakko,TL,rp,healer,391948.73625,Low,333156.4258125
19,6,6982.0,324137,cerdwin,TFW,pve,healer,395634.60125,Low,336289.4110625
33,6,8212.0,323645,cerdwin,TFW,pve,healer,396003.29375,Low,336602.7996875
41,6,9046.0,325593,cerdwin,TFW,pve,healer,398999.76125000004,Low,339149.79706250003
14,8,7941.0,342776,crystalline,OOTM,rp,healer,418820.51625000004,Low,355997.43881250004
21,13,7414.0,350018,foxflame,TFW,pvp,healer,427126.35500000004,Low,363057.40175
5,6,6368.0,351119,cerdwin,TFW,pve,healer,427634.49625,Low,363489.3218125
11,13,6680.0,353484,foxflame,TFW,pvp,healer,430725.11500000005,Low,366116.34775
15,6,6908.0,354366,cerdwin,TFW,pve,healer,431964.9475,Low,367170.205375
13,1,410165.0,0,slayth,TL,pve,tank,320441.40625,Medium,368507.6171875
25,9,411397.0,0,tobin,OOTM,rp,tank,321403.90625,Medium,369614.4921875
25,1,412330.54,0,slayth,TL,pve,tank,322133.234375,Medium,370453.21953124995
7,1,413695.0,0,slayth,TL,pve,tank,323199.21875,Medium,371679.1015625
36,6,6906.0,359933,cerdwin,TFW,pve,healer,438664.66125000006,Low,372864.96206250007
18,4,8008.0,361054,bakko,TL,rp,healer,440875.00250000006,Low,374743.75212500006
13,9,418691.0,0,tobin,OOTM,rp,tank,327102.34375,Medium,376167.6953125
1,13,6255.0,365734,foxflame,TFW,pvp,healer,445139.02125000005,Low,378368.1680625
16,1,421855.0,0,slayth,TL,pve,tank,329574.21875,Medium,379010.35156249994
19,9,424600.0,0,tobin,OOTM,rp,tank,331718.75,Medium,381476.56249999994
34,4,9679.0,368075,bakko,TL,rp,healer,450632.00000000006,Low,383037.2
3,9,429726.0,0,tobin,OOTM,rp,tank,335723.4375,Medium,386081.95312499994
23,13,6917.0,380629,foxflame,TFW,pvp,healer,463586.06500000006,Low,394048.15525000007
27,13,9759.0,382142,foxflame,TFW,pvp,healer,467627.65125000005,Low,397483.50356250006
17,1,444818.0,0,slayth,TL,pve,tank,347514.0625,Medium,399641.17187499994
29,9,447210.0,0,tobin,OOTM,rp,tank,349382.8125,Medium,401790.23437499994
12,6,9990.0,387586,cerdwin,TFW,pve,healer,474361.335,Low,403207.13475
37,1,451693.0,0,slayth,TL,pve,tank,352885.15625,Medium,405817.92968749994
6,8,5438.0,394635,crystalline,OOTM,rp,healer,479290.31875000003,Low,407396.7709375
28,1,455159.0,0,slayth,TL,pve,tank,355592.96875,Medium,408931.91406249994
21,1,455895.0,0,slayth,TL,pve,tank,356167.96875,Medium,409593.16406249994
10,9,457322.0,0,tobin,OOTM,rp,tank,357282.8125,Medium,410875.23437499994
22,1,458705.0,0,slayth,TL,pve,tank,358363.28125,Medium,412117.77343749994
7,13,7653.0,398133,foxflame,TFW,pvp,healer,485231.50500000006,Low,412446.77925
22,6,9322.0,399354,cerdwin,TFW,pve,healer,488005.19000000006,Low,414804.41150000005
5,1,463313.0,0,slayth,TL,pve,tank,361963.28125,Medium,416257.77343749994
30,1,470194.0,0,slayth,TL,pve,tank,367339.0625,Medium,422439.92187499994
31,9,470195.0,0,tobin,OOTM,rp,tank,367339.84375,Medium,422440.82031249994
4,1,471747.0,0,slayth,TL,pve,tank,368552.34375,Medium,423835.19531249994
15,1,471905.0,0,slayth,TL,pve,tank,368675.78125,Medium,423977.14843749994
21,9,475129.0,0,tobin,OOTM,rp,tank,371194.53125,Medium,426873.71093749994
8,13,5732.0,415730,foxflame,TFW,pvp,healer,504913.11250000005,Low,429176.145625
24,9,482815.0,0,tobin,OOTM,rp,tank,377199.21875,Medium,433779.10156249994
10,2,6786.0,427442,kalea,TL,pve,healer,519834.87000000005,Low,441859.63950000005
25,8,6336.0,428564,crystalline,OOTM,rp,healer,520833.91500000004,Low,442708.82775
30,4,8798.0,430083,bakko,TL,rp,healer,524585.8487500001,Low,445897.9714375001
2,10,412330.54,56002,mindmelter,OOTM,pve,dps,389545.641875,Medium,447977.4881562499
14,1,499742.0,0,slayth,TL,pve,tank,390423.4375,Medium,448986.95312499994
21,4,9535.0,436165,bakko,TL,rp,healer,532482.8375,Low,452610.411875
13,12,412330.54,60494,vanora,LoD,pvp,dps,394952.886875,Medium,454195.81990625
36,3,412330.54,63363,molbrew,TL,pvp,dps,398406.445625,Medium,458167.41246875
2,13,7820.0,444415,foxflame,TFW,pvp,healer,541073.93125,Low,459912.8415625
43,6,6377.0,447156,cerdwin,TFW,pve,healer,543246.06625,Low,461759.1563125
31,10,412330.54,68676,mindmelter,OOTM,pve,dps,404801.969375,Medium,465522.2647812499
8,12,412330.54,72996,vanora,LoD,pvp,dps,410002.169375,Medium,471502.49478124996
3,6,6099.0,467296,cerdwin,TFW,pve,healer,567272.40375,Low,482181.54318750004
32,2,8096.0,476720,kalea,TL,pve,healer,580176.7000000001,Low,493150.19500000007
7,2,9088.0,477689,kalea,TL,pve,healer,582118.13375,Low,494800.4136875
8,10,412330.54,90375,mindmelter,OOTM,pve,dps,430922.140625,Medium,495560.46171874995
20,4,5331.0,486929,bakko,TL,rp,healer,590305.6275000001,Low,501759.78337500006
39,6,7666.0,496390,cerdwin,TFW,pve,healer,603518.525,Low,512990.74625
18,8,8756.0,514023,crystalline,OOTM,rp,healer,625595.81125,Low,531756.4395625
40,6,9700.0,515355,cerdwin,TFW,pve,healer,627936.70625,Low,533746.2003125
7,8,6173.0,521353,crystalline,OOTM,rp,healer,632401.3300000001,Low,537541.1305000001
26,2,8206.0,520244,kalea,TL,pve,healer,632654.6525000001,Low,537756.454625
4,2,6291.0,521502,kalea,TL,pve,healer,632672.8762500001,Low,537771.9448125
35,2,7857.0,524514,kalea,TL,pve,healer,637522.00875,Low,541893.7074375
2,2,7294.0,529632,kalea,TL,pve,healer,643242.9575,Low,546756.513875
38,2,5254.0,531075,kalea,TL,pve,healer,643386.21875,Low,546878.2859375
18,6,5246.0,531353,cerdwin,TFW,pve,healer,643714.6112500001,Low,547157.4195625001
36,11,532535.0,60144,velan,LoD,pve,dps,488441.30875,Medium,561707.5050625
20,2,9865.0,548514,kalea,TL,pve,healer,667980.75875,Low,567783.6449375
14,5,524513.0,70477,icily,TFW,pvp,dps,494612.47,Medium,568804.3404999999
23,10,554155.0,54838,mindmelter,OOTM,pve,dps,498944.83625,Medium,573786.5616875
29,12,555629.0,55957,vanora,LoD,pvp,dps,501443.395,Medium,576659.90425
35,12,526309.0,75367,vanora,LoD,pvp,dps,501901.9325,Medium,577187.2223749999
19,5,540997.0,66055,icily,TFW,pvp,dps,502167.6125,Medium,577492.7543749999
23,3,551492.0,59308,molbrew,TL,pvp,dps,502245.13,Medium,577581.8994999999
19,12,504525.0,90540,vanora,LoD,pvp,dps,503147.68125,Medium,578619.8334374999
35,3,557827.0,56239,molbrew,TL,pvp,dps,503500.04000000004,Medium,579025.046
27,10,536327.0,70243,mindmelter,OOTM,pve,dps,503560.48,Medium,579094.5519999999
25,12,562416.0,53522,vanora,LoD,pvp,dps,503814.6075,Medium,579386.7986249999
8,5,526313.0,77499,icily,TFW,pvp,dps,504471.4525,Medium,580142.170375
18,2,6177.0,564452,kalea,TL,pve,healer,684284.8762500001,Low,581642.1448125001
6,7,520255.0,82558,zeneferious,OOTM,pve,dps,505828.41125,Medium,581702.6729374999
22,11,567904.0,51940,velan,LoD,pve,dps,506197.775,Medium,582127.44125
31,6,8345.0,566423,cerdwin,TFW,pve,healer,688351.2175,Low,585098.534875
8,4,9522.0,572651,bakko,TL,rp,healer,696767.7037500001,Low,592252.5481875001
33,2,5363.0,576865,kalea,TL,pve,healer,698591.0875,Low,593802.4243750001
15,2,9329.0,574413,kalea,TL,pve,healer,698737.93,Low,593927.2405000001
12,5,526131.0,90532,icily,TFW,pvp,dps,520017.73875,Medium,598020.3995625
5,2,412330.54,166105,kalea,TL,pve,healer,522082.12812500005,Medium,600394.44734375
29,2,9240.0,581326,kalea,TL,pve,healer,706989.9225000001,Low,600941.434125
43,12,533843.0,88033,vanora,LoD,pvp,dps,523034.5675,Medium,601489.752625
28,2,9136.0,583246,kalea,TL,pve,healer,709219.8725,Low,602836.891625
28,5,545414.0,81752,icily,TFW,pvp,dps,524513.6575,Medium,603190.7061249999
27,11,521602.0,98561,velan,LoD,pve,dps,526144.36625,Medium,605066.0211874999
10,6,6632.0,587212,cerdwin,TFW,pve,healer,712037.6950000001,Low,605232.04075
23,11,588956.0,55999,velan,LoD,pve,dps,527530.67125,Medium,606660.2719375
16,13,9986.0,586596,foxflame,TFW,pvp,healer,713916.4975,Low,606829.022875
32,11,595223.0,52070,velan,LoD,pve,dps,527697.23125,Medium,606851.8159374999
11,6,5406.0,591744,cerdwin,TFW,pve,healer,716535.2775000001,Low,609054.985875
9,8,7182.0,590782,crystalline,OOTM,rp,healer,716764.77,Low,609250.0545
9,3,553471.0,81039,molbrew,TL,pvp,dps,529949.915,Medium,609442.40225
28,10,554791.0,84828,mindmelter,OOTM,pve,dps,535542.17375,Medium,615873.4998124999
19,3,577767.0,70465,molbrew,TL,pvp,dps,536202.7125,Medium,616633.119375
46,12,597186.0,57967,vanora,LoD,pvp,dps,536329.33875,Medium,616778.7395624999
9,10,570721.0,75573,mindmelter,OOTM,pve,dps,536846.78,Medium,617373.797
7,6,7336.0,598663,cerdwin,TFW,pve,healer,726371.83625,Low,617416.0608125001
1,10,548003.0,90949,mindmelter,OOTM,pve,dps,537607.2025,Medium,618248.2828749999
3,5,581310.0,70108,icily,TFW,pvp,dps,538540.9425,Medium,619322.083875
18,12,574519.0,75326,vanora,LoD,pvp,dps,539516.64125,Medium,620444.1374375
34,12,591572.0,66152,vanora,LoD,pvp,dps,541796.095,Medium,623065.5092499999
22,10,582047.0,72456,mindmelter,OOTM,pve,dps,541943.12875,Medium,623234.5980625
39,7,560329.0,87884,zeneferious,OOTM,pve,dps,543547.39625,Medium,625079.5056874999
5,11,582142.0,74318,velan,LoD,pve,dps,544258.73,Medium,625897.5395
7,3,556031.0,91322,molbrew,TL,pvp,dps,544328.07625,Medium,625977.2876875
37,6,7844.0,607996,cerdwin,TFW,pve,healer,738003.31,Low,627302.8135
12,7,588395.0,71527,zeneferious,OOTM,pve,dps,545784.22,Medium,627651.8529999999
24,4,9711.0,611679,bakko,TL,rp,healer,743895.3150000001,Low,632311.01775
22,2,7266.0,620284,kalea,TL,pve,healer,752343.4275000001,Low,639491.9133750001
16,12,572606.0,91802,vanora,LoD,pvp,dps,557855.095,Medium,641533.3592499999
14,2,9418.0,623648,kalea,TL,pve,healer,758074.0925,Low,644362.978625
36,10,563740.0,99692,mindmelter,OOTM,pve,dps,560426.12,Medium,644490.038
42,6,9207.0,624925,cerdwin,TFW,pve,healer,759446.4375000001,Low,645529.471875
11,2,8095.0,625691,kalea,TL,pve,healer,759499.76,Low,645574.796
39,12,578595.0,90846,vanora,LoD,pvp,dps,561383.21625,Medium,645590.6986875
3,10,590396.0,84432,mindmelter,OOTM,pve,dps,562881.895,Medium,647314.1792499999
23,12,586921.0,93211,vanora,LoD,pvp,dps,570734.7725,Medium,656344.988375
26,12,588907.0,94660,vanora,LoD,pvp,dps,574030.56875,Medium,660135.1540624999
13,11,582945.0,98934,velan,LoD,pve,dps,574517.58375,Medium,660695.2213125
17,5,595430.0,91547,icily,TFW,pvp,dps,575379.38875,Medium,661686.2970625
28,8,9006.0,642436,crystalline,OOTM,rp,healer,780368.2725000001,Low,663313.0316250001
34,6,9152.0,645984,cerdwin,TFW,pve,healer,784753.2400000001,Low,667040.2540000001
29,13,5875.0,649130,foxflame,TFW,pvp,healer,785980.08125,Low,668083.0690625
5,13,5081.0,657084,foxflame,TFW,pvp,healer,794934.3962500001,Low,675694.2368125
23,8,8415.0,657079,crystalline,OOTM,rp,healer,797533.0650000001,Low,677903.10525
5,8,9195.0,667215,crystalline,OOTM,rp,healer,810343.65,Low,688792.1025
11,10,604065.0,65951,mindmelter,OOTM,pve,dps,551314.2975,High,689142.871875
20,3,609751.0,62477,molbrew,TL,pvp,dps,551574.6575,High,689468.3218749999
2,8,5306.0,671890,crystalline,OOTM,rp,healer,812932.9,Low,690992.965
29,7,629870.0,52275,zeneferious,OOTM,pve,dps,555011.96875,High,693764.9609375
2,12,612068.0,64047,vanora,LoD,pvp,dps,555274.70125,High,694093.3765625
27,8,9591.0,673031,crystalline,OOTM,rp,healer,817654.035,Low,695005.92975
32,10,613161.0,67306,mindmelter,OOTM,pve,dps,560051.62875,High,700064.5359375001
13,13,9409.0,678798,foxflame,TFW,pvp,healer,824453.87375,Low,700785.7926875
34,7,620957.0,63898,zeneferious,OOTM,pve,dps,562039.87375,High,702549.8421875001
14,7,634736.0,56149,zeneferious,OOTM,pve,dps,563476.85875,High,704346.0734375
12,12,636709.0,55147,vanora,LoD,pvp,dps,563812.1075,High,704765.134375
45,12,646512.0,50530,vanora,LoD,pvp,dps,565912.9875,High,707391.234375
6,4,7508.0,687433,bakko,TL,rp,healer,833363.0987500001,Low,708358.6339375001
30,6,7763.0,689288,cerdwin,TFW,pve,healer,835795.27375,Low,710425.9826875001
37,3,612860.0,74404,molbrew,TL,pvp,dps,568360.69,High,710450.8624999999
10,5,620129.0,69936,icily,TFW,pvp,dps,568661.24125,High,710826.5515625
14,6,8359.0,691588,cerdwin,TFW,pve,healer,839029.52375,Low,713175.0951875
42,12,609509.0,79495,vanora,LoD,pvp,dps,571871.0125,High,714838.765625
15,7,636727.0,61951,zeneferious,OOTM,pve,dps,572016.485,High,715020.60625
3,8,7035.0,695161,crystalline,OOTM,rp,healer,842296.1475000001,Low,715951.725375
11,5,639070.0,62602,icily,TFW,pvp,dps,574630.595,High,718288.2437499999
31,3,651086.0,56524,molbrew,TL,pvp,dps,576701.7025,High,720877.128125
24,11,658581.0,51811,velan,LoD,pve,dps,576883.8975,High,721104.871875
12,11,614479.0,80631,velan,LoD,pve,dps,577121.285,High,721401.6062500001
16,3,645847.0,60891,molbrew,TL,pvp,dps,577865.51,High,722331.8875
28,12,644819.0,62606,vanora,LoD,pvp,dps,579126.81625,High,723908.5203125001
13,7,649379.0,61209,zeneferious,OOTM,pve,dps,581007.6775,High,726259.596875
5,5,628495.0,74862,icily,TFW,pvp,dps,581126.8512500001,High,726408.5640625001
21,7,665886.0,53517,zeneferious,OOTM,pve,dps,584644.52625,High,730805.6578125
46,6,9006.0,708744,cerdwin,TFW,pve,healer,860186.5275000001,Low,731158.548375
37,7,619251.0,84037,zeneferious,OOTM,pve,dps,584949.3825000001,High,731186.7281250001
33,7,640434.0,74642,zeneferious,OOTM,pve,dps,590189.37,High,737736.7125
8,11,640767.0,74755,velan,LoD,pve,dps,590585.55,High,738231.9375
24,2,6552.0,721278,kalea,TL,pve,healer,873357.1425000001,Low,742353.571125
15,13,7553.0,721531,foxflame,TFW,pvp,healer,874443.7225,Low,743277.164125
47,12,663554.0,64415,vanora,LoD,pvp,dps,595941.11875,High,744926.3984375
36,2,5249.0,728230,kalea,TL,pve,healer,880707.64375,Low,748601.4971875
41,12,681480.0,56276,vanora,LoD,pvp,dps,600148.485,High,750185.60625
9,4,9730.0,728536,bakko,TL,rp,healer,884576.7725000001,Low,751890.256625
10,11,619420.0,97732,velan,LoD,pve,dps,601566.77,High,751958.4625
5,4,5324.0,731475,bakko,TL,rp,healer,884672.4062500001,Low,751971.5453125001
9,7,667373.0,66824,zeneferious,OOTM,pve,dps,601824.54625,High,752280.6828125
42,3,684028.0,56961,molbrew,TL,pvp,dps,602963.67875,High,753704.5984375
34,11,641959.0,87294,velan,LoD,pve,dps,606610.62125,High,758263.2765624999
38,5,688918.0,60593,icily,TFW,pvp,dps,611156.01125,High,763945.0140625
6,11,689478.0,61656,velan,LoD,pve,dps,612873.0975,High,766091.3718750001
34,3,639399.0,95454,molbrew,TL,pvp,dps,614433.22125,High,768041.5265624999
17,6,5035.0,748060,cerdwin,TFW,pve,healer,904410.8187500001,Low,768749.1959375001
25,5,692504.0,61478,icily,TFW,pvp,dps,615022.8925,High,768778.615625
23,6,6079.0,747462,cerdwin,TFW,pve,healer,904506.6012500001,Low,768830.6110625
20,11,680052.0,69851,velan,LoD,pve,dps,615373.76625,High,769217.2078125
2,11,707920.0,54531,velan,LoD,pve,dps,618704.19125,High,773380.2390625001
28,4,9387.0,751203,bakko,TL,rp,healer,911594.2050000001,Low,774855.0742500001
25,10,690721.0,67965,mindmelter,OOTM,pve,dps,621438.65,High,776798.3125
27,12,673118.0,80189,vanora,LoD,pvp,dps,622400.94625,High,778001.1828125
3,11,691941.0,68014,velan,LoD,pve,dps,622450.75875,High,778063.4484375
1,12,704791.0,61706,vanora,LoD,pvp,dps,624896.56625,High,781120.7078125001
36,12,695607.0,70411,vanora,LoD,pvp,dps,628200.21,High,785250.2625
7,10,695955.0,71071,mindmelter,OOTM,pve,dps,629266.56,High,786583.2000000001
32,7,669745.0,89753,zeneferious,OOTM,pve,dps,631278.455,High,789098.06875
6,13,412330.54,302450,foxflame,TFW,pvp,healer,686207.421875,Medium,789138.5351562499
17,12,716631.0,59508,vanora,LoD,pvp,dps,631500.72375,High,789375.9046875
2,3,732794.0,50091,molbrew,TL,pvp,dps,632792.35375,High,790990.4421875
32,5,681074.0,85087,icily,TFW,pvp,dps,634512.5387500001,High,793140.6734375001
3,3,691618.0,79211,molbrew,TL,pvp,dps,635676.80375,High,794596.0046875
12,10,669395.0,94001,mindmelter,OOTM,pve,dps,636118.5475,High,795148.184375
36,7,706795.0,72591,zeneferious,OOTM,pve,dps,639565.01,High,799456.2625
16,5,686773.0,86895,icily,TFW,pvp,dps,641141.2625,High,801426.578125
31,12,735664.0,56766,vanora,LoD,pvp,dps,643069.5725,High,803836.965625
15,12,741062.0,53787,vanora,LoD,pvp,dps,643700.7887500001,High,804625.9859375001
10,7,697674.0,82022,zeneferious,OOTM,pve,dps,643791.795,High,804739.74375
26,11,674151.0,97307,velan,LoD,pve,dps,643813.77,High,804767.2125
38,6,5958.0,782721,cerdwin,TFW,pve,healer,946855.09125,Low,804826.8275625
18,3,723702.0,65315,molbrew,TL,pvp,dps,644015.11875,High,805018.8984375
27,4,7047.0,786280,bakko,TL,rp,healer,951990.01875,Low,809191.5159375
12,2,7756.0,786444,kalea,TL,pve,healer,952741.3400000001,Low,809830.1390000001
7,7,682744.0,95436,zeneferious,OOTM,pve,dps,648274.835,High,810343.54375
20,7,687924.0,92866,zeneferious,OOTM,pve,dps,649228.0725,High,811535.090625
9,2,9225.0,789711,kalea,TL,pve,healer,957821.6475000001,Low,814148.4003750001
6,10,709693.0,80893,mindmelter,OOTM,pve,dps,651822.605,High,814778.25625
33,11,737632.0,63173,velan,LoD,pve,dps,652319.49875,High,815399.3734375001
9,11,749835.0,56444,velan,LoD,pve,dps,653753.05875,High,817191.3234374999
48,12,720191.0,75730,vanora,LoD,pvp,dps,653809.20625,High,817261.5078125
22,8,5471.0,797675,crystalline,OOTM,rp,healer,964475.5000000001,Low,819804.175
27,5,704296.0,89009,icily,TFW,pvp,dps,657375.83375,High,821719.7921875
40,3,739253.0,66432,molbrew,TL,pvp,dps,657508.92625,High,821886.1578125
21,5,703841.0,90187,icily,TFW,pvp,dps,658438.3825000001,High,823047.9781250001
28,11,719733.0,80200,velan,LoD,pve,dps,658832.15625,High,823540.1953125
29,3,697213.0,95156,molbrew,TL,pvp,dps,659241.69125,High,824052.1140625001
20,10,714042.0,87247,mindmelter,OOTM,pve,dps,662868.88875,High,828586.1109375
37,10,755546.0,61485,mindmelter,OOTM,pve,dps,664282.88125,High,830353.6015625
22,13,7952.0,807950,foxflame,TFW,pvp,healer,978782.3125000001,Low,831964.9656250001
24,12,743339.0,70530,vanora,LoD,pvp,dps,665634.08125,High,832042.6015625
3,7,762669.0,58316,zeneferious,OOTM,pve,dps,666033.04125,High,832541.3015625
22,4,7624.0,810375,bakko,TL,rp,healer,981445.1562500001,Low,834228.3828125001
11,3,705271.0,97406,molbrew,TL,pvp,dps,668245.44125,High,835306.8015625001
26,8,7765.0,811466,crystalline,OOTM,rp,healer,982868.6037500001,Low,835438.3131875001
4,5,765646.0,60306,icily,TFW,pvp,dps,670754.285,High,838442.8562500001
21,11,746544.0,72740,velan,LoD,pve,dps,670798.275,High,838497.84375
21,10,748071.0,73108,mindmelter,OOTM,pve,dps,672434.22375,High,840542.7796875
5,12,757716.0,67888,vanora,LoD,pvp,dps,673685.805,High,842107.2562500001
30,10,716327.0,94998,mindmelter,OOTM,pve,dps,673984.31125,High,842480.3890625001
35,5,736928.0,81691,icily,TFW,pvp,dps,674060.54125,High,842575.6765625
33,5,763154.0,65994,icily,TFW,pvp,dps,675654.34,High,844567.9249999999
39,5,758633.0,69368,icily,TFW,pvp,dps,676183.76125,High,845229.7015625
30,7,749878.0,75184,zeneferious,OOTM,pve,dps,676344.9275,High,845431.159375
37,12,754113.0,72811,vanora,LoD,pvp,dps,676797.0225,High,845996.278125
9,5,779281.0,56902,icily,TFW,pvp,dps,677309.06375,High,846636.3296874999
7,5,715393.0,98471,icily,TFW,pvp,dps,677435.2475,High,846794.0593750001
16,10,762482.0,68198,mindmelter,OOTM,pve,dps,677782.405,High,847228.0062500001
22,5,753681.0,77054,icily,TFW,pvp,dps,681567.03375,High,851958.7921874999
35,4,6615.0,828396,bakko,TL,rp,healer,1002349.65375,Low,851997.2056875001
26,10,719581.0,99273,mindmelter,OOTM,pve,dps,681672.53,High,852090.6625000001
22,3,746068.0,83307,molbrew,TL,pvp,dps,683146.42625,High,853933.0328125
41,3,778999.0,62961,molbrew,TL,pvp,dps,684382.2725,High,855477.840625
40,5,776888.0,65045,icily,TFW,pvp,dps,685241.66875,High,856552.0859375
14,10,770489.0,72371,mindmelter,OOTM,pve,dps,689061.1225,High,861326.4031250001
13,10,766547.0,75261,mindmelter,OOTM,pve,dps,689460.2725,High,861825.340625
21,12,737280.0,95519,vanora,LoD,pvp,dps,690980.99625,High,863726.2453124999
24,5,748954.0,87977,icily,TFW,pvp,dps,691022.62625,High,863778.2828124999
25,3,730979.0,99735,molbrew,TL,pvp,dps,691133.35,High,863916.6875
24,6,8698.0,841242,cerdwin,TFW,pve,healer,1019440.3700000001,Low,866524.3145000001
7,4,9071.0,842556,bakko,TL,rp,healer,1021313.50375,Low,868116.4781875
28,7,772917.0,75831,zeneferious,OOTM,pve,dps,695122.9725,High,868903.7156250001
24,10,755538.0,87565,mindmelter,OOTM,pve,dps,695670.43125,High,869588.0390625
11,11,809764.0,52990,velan,LoD,pve,dps,696414.8375,High,870518.546875
31,11,751898.0,91438,velan,LoD,pve,dps,697488.805,High,871861.0062500001
24,3,768103.0,80996,molbrew,TL,pvp,dps,697579.40375,High,871974.2546875001
26,13,7599.0,849714,foxflame,TFW,pvp,healer,1028779.94625,Low,874462.9543125
23,5,776399.0,77537,icily,TFW,pvp,dps,699896.8825000001,High,874871.1031250001
16,8,5114.0,853573,crystalline,OOTM,rp,healer,1031483.81125,Low,876761.2395625
11,12,766258.0,86077,vanora,LoD,pvp,dps,702254.25125,High,877817.8140624999
26,5,814791.0,55280,icily,TFW,pvp,dps,703098.76875,High,878873.4609375
25,4,7719.0,855372,bakko,TL,rp,healer,1035684.51375,Low,880331.8366875
16,11,826171.0,51042,velan,LoD,pve,dps,706887.90125,High,883609.8765625
19,10,815587.0,57983,mindmelter,OOTM,pve,dps,706974.38,High,883717.975
2,4,6110.0,866020,bakko,TL,rp,healer,1047245.0125000001,Low,890158.260625
34,5,786275.0,81890,icily,TFW,pvp,dps,712852.43125,High,891065.5390625
44,12,819279.0,62456,vanora,LoD,pvp,dps,715243.12875,High,894053.9109375001
4,12,783428.0,85844,vanora,LoD,pvp,dps,715387.84,High,894234.7999999999
18,13,7091.0,870953,foxflame,TFW,pvp,healer,1053949.5175,Low,895857.0898750001
10,10,837537.0,52184,mindmelter,OOTM,pve,dps,717142.27125,High,896427.8390625
4,10,840451.0,50332,mindmelter,OOTM,pve,dps,717189.48875,High,896486.8609375
11,4,9586.0,870242,bakko,TL,rp,healer,1055042.87,Low,896786.4395000001
29,5,782505.0,91785,icily,TFW,pvp,dps,721818.225,High,902272.78125
2,7,799692.0,83328,zeneferious,OOTM,pve,dps,725065.455,High,906331.81875
40,7,814139.0,74451,zeneferious,OOTM,pve,dps,725666.485,High,907083.10625
19,8,9085.0,881527,crystalline,OOTM,rp,healer,1068235.7825,Low,908000.4151249999
13,2,6888.0,884393,kalea,TL,pve,healer,1069969.32375,Low,909473.9251875
31,5,837308.0,62214,icily,TFW,pvp,dps,729036.9775,High,911296.221875
17,7,796653.0,90010,zeneferious,OOTM,pve,dps,730734.69375,High,913418.3671875
17,2,5363.0,889272,kalea,TL,pve,healer,1074651.0137500002,Low,913453.3616875001
12,3,824689.0,72506,molbrew,TL,pvp,dps,731567.37875,High,914459.2234375001
11,7,811824.0,80986,zeneferious,OOTM,pve,dps,731724.3975,High,914655.496875
13,5,813094.0,82179,icily,TFW,pvp,dps,734152.65875,High,917690.8234374999
10,3,824509.0,74810,molbrew,TL,pvp,dps,734200.19375,High,917750.2421875
19,11,855842.0,54737,velan,LoD,pve,dps,734516.2262500001,High,918145.2828125001
20,5,845006.0,61942,icily,TFW,pvp,dps,734723.62,High,918404.525
1,6,412330.54,398001,cerdwin,TFW,pve,healer,801226.9381250001,Medium,921410.9788437501
38,12,813346.0,85194,vanora,LoD,pvp,dps,737978.84,High,922473.5499999999
29,10,865720.0,51603,mindmelter,OOTM,pve,dps,738460.86125,High,923076.0765625
14,3,829045.0,76027,molbrew,TL,pvp,dps,739208.9075,High,924011.1343749999
25,6,8802.0,899139,cerdwin,TFW,pve,healer,1089215.13375,Low,925832.8636875
6,2,5676.0,901770,kalea,TL,pve,healer,1089940.0125000002,Low,926449.0106250001
2,5,833076.0,75698,icily,TFW,pvp,dps,741962.0925,High,927452.6156250001
29,6,7410.0,904756,cerdwin,TFW,pve,healer,1094889.0975000001,Low,930655.7328750001
13,8,8020.0,905879,crystalline,OOTM,rp,healer,1096717.4712500002,Low,932209.8505625001
9,6,9086.0,905862,cerdwin,TFW,pve,healer,1097529.82,Low,932900.3470000001
30,13,6497.0,908281,foxflame,TFW,pvp,healer,1098419.0350000001,Low,933656.1797500001
1,3,821514.0,87779,molbrew,TL,pvp,dps,747471.78375,High,934339.7296874999
33,12,839250.0,76838,vanora,LoD,pvp,dps,748157.805,High,935197.2562500001
32,12,868446.0,58709,vanora,LoD,pvp,dps,749144.39625,High,936430.4953125
23,7,864644.0,67409,zeneferious,OOTM,pve,dps,756646.70875,High,945808.3859375
31,2,5321.0,921185,kalea,TL,pve,healer,1113033.475,Low,946078.4537500001
26,7,875433.0,60675,zeneferious,OOTM,pve,dps,756969.5625,High,946211.953125
20,12,891462.0,50680,vanora,LoD,pvp,dps,757460.7375,High,946825.921875
19,13,5875.0,922653,foxflame,TFW,pvp,healer,1115233.3925,Low,947948.383625
8,8,5164.0,925355,crystalline,OOTM,rp,healer,1117930.45625,Low,950240.8878125
15,10,824544.0,98187,mindmelter,OOTM,pve,dps,762367.6012500001,High,952959.5015625001
30,11,835879.0,90909,velan,LoD,pve,dps,762462.1775,High,953077.721875
24,7,836277.0,90799,zeneferious,OOTM,pve,dps,762640.7025,High,953300.878125
29,11,875195.0,65591,velan,LoD,pve,dps,762701.26,High,953376.575
38,4,6495.0,927582,bakko,TL,rp,healer,1121651.05125,Low,953403.3935625
32,6,9197.0,928327,cerdwin,TFW,pve,healer,1124658.7825000002,Low,955959.9651250001
25,7,847604.0,88624,zeneferious,OOTM,pve,dps,768871.765,High,961089.70625
4,4,7201.0,934669,bakko,TL,rp,healer,1130733.59,Low,961123.5515000001
18,11,847414.0,89209,velan,LoD,pve,dps,769427.52125,High,961784.4015625
11,8,8900.0,935318,crystalline,OOTM,rp,healer,1132842.1675,Low,962915.842375
7,12,838984.0,95575,vanora,LoD,pvp,dps,770504.65625,High,963130.8203125
19,7,865694.0,79343,zeneferious,OOTM,pve,dps,771832.57375,High,964790.7171875
45,6,9775.0,940199,cerdwin,TFW,pve,healer,1139401.2650000001,Low,968491.0752500001
5,7,867312.0,81620,zeneferious,OOTM,pve,dps,775837.575,High,969796.96875
3,12,909856.0,54354,vanora,LoD,pvp,dps,776253.6275,High,970317.0343749999
14,11,858206.0,89435,velan,LoD,pve,dps,778130.81875,High,972663.5234375
34,10,918826.0,50861,mindmelter,OOTM,pve,dps,779056.74125,High,973820.9265625
36,5,867054.0,85008,icily,TFW,pvp,dps,779714.3175,High,974642.896875
16,2,7666.0,948581,kalea,TL,pve,healer,1147843.4412500001,Low,975666.9250625
27,7,894324.0,69802,zeneferious,OOTM,pve,dps,782714.7825,High,978393.4781249999
1,2,7681.0,952127,kalea,TL,pve,healer,1152123.6575000002,Low,979305.1088750002
26,3,864436.0,94216,molbrew,TL,pvp,dps,788753.135,High,985941.41875
21,3,870617.0,90465,molbrew,TL,pvp,dps,789066.775,High,986333.46875
27,6,6529.0,960972,cerdwin,TFW,pve,healer,1161870.8262500002,Low,987590.2023125001
31,7,885137.0,83626,zeneferious,OOTM,pve,dps,792178.07875,High,990222.5984375
7,11,894699.0,79710,velan,LoD,pve,dps,794934.50625,High,993668.1328125
5,3,938240.0,52827,molbrew,TL,pvp,dps,796590.50125,High,995738.1265624999
33,10,918496.0,66970,mindmelter,OOTM,pve,dps,798190.1375,High,997737.671875
18,5,920966.0,66593,icily,TFW,pvp,dps,799666.01125,High,999582.5140625
44,6,7308.0,972860,cerdwin,TFW,pve,healer,1176789.6,Low,1000271.16
18,7,891612.0,87053,zeneferious,OOTM,pve,dps,801361.92375,High,1001702.4046875
5,10,898584.0,83299,mindmelter,OOTM,pve,dps,802289.92125,High,1002862.4015625
13,4,8985.0,975787,bakko,TL,rp,healer,1181623.1325,Low,1004379.662625
22,7,885211.0,95278,zeneferious,OOTM,pve,dps,806261.9862500001,High,1007827.4828125001
15,5,932834.0,66982,icily,TFW,pvp,dps,809406.145,High,1011757.68125
39,3,926418.0,72013,molbrew,TL,pvp,dps,810449.71125,High,1013062.1390625001
4,11,945642.0,62507,velan,LoD,pve,dps,814025.61375,High,1017532.0171875
18,10,912772.0,83946,mindmelter,OOTM,pve,dps,814153.1225,High,1017691.4031250001
4,8,8491.0,989257,crystalline,OOTM,rp,healer,1197451.7075,Low,1017833.951375
17,11,927107.0,75167,velan,LoD,pve,dps,814784.62,High,1018480.775
28,3,958887.0,55115,molbrew,TL,pvp,dps,815475.15,High,1019343.9375
10,4,9739.0,995159,bakko,TL,rp,healer,1205531.24,Low,1024701.554
30,5,937235.0,74558,icily,TFW,pvp,dps,821964.03625,High,1027455.0453125
4,3,945791.0,69013,molbrew,TL,pvp,dps,821973.6175,High,1027467.0218750001
14,12,977355.0,53698,vanora,LoD,pvp,dps,828197.56125,High,1035246.9515625001
17,3,962434.0,64617,molbrew,TL,pvp,dps,829684.27625,High,1037105.3453125
37,5,919615.0,93035,icily,TFW,pvp,dps,830440.1,High,1038050.125
30,12,918091.0,94607,vanora,LoD,pvp,dps,831141.77,High,1038927.2125
38,7,925650.0,90286,zeneferious,OOTM,pve,dps,831845.835,High,1039807.29375
4,7,973089.0,61017,zeneferious,OOTM,pve,dps,833674.995,High,1042093.74375
13,3,936365.0,85914,molbrew,TL,pvp,dps,834954.13375,High,1043692.6671875
8,7,959451.0,71071,zeneferious,OOTM,pve,dps,835122.81,High,1043903.5125000001
6,5,970311.0,65592,icily,TFW,pvp,dps,837011.83875,High,1046264.7984375
40,12,982275.0,57941,vanora,LoD,pvp,dps,837148.8225,High,1046436.028125
38,3,973129.0,65885,molbrew,TL,pvp,dps,839566.1,High,1049457.625
25,11,939030.0,89452,velan,LoD,pve,dps,841295.0325,High,1051618.790625
16,7,954293.0,79839,zeneferious,OOTM,pve,dps,841647.6025,High,1052059.503125
6,12,980205.0,63583,vanora,LoD,pvp,dps,842323.1925,High,1052903.990625
35,11,953479.0,81015,velan,LoD,pve,dps,842427.275,High,1053034.09375
8,3,955490.0,83963,molbrew,TL,pvp,dps,847547.02375,High,1059433.7796875
35,10,958321.0,83936,mindmelter,OOTM,pve,dps,849726.24125,High,1062157.8015625
15,11,941113.0,95385,velan,LoD,pve,dps,850064.225,High,1062580.28125
22,12,972550.0,75853,vanora,LoD,pvp,dps,851112.73625,High,1063890.9203124999
15,3,954603.0,93385,molbrew,TL,pvp,dps,858195.7875,High,1072744.734375
17,10,998047.0,65694,mindmelter,OOTM,pve,dps,858803.37125,High,1073504.2140625
9,12,951455.0,96648,vanora,LoD,pvp,dps,859664.24875,High,1074580.3109375
1,7,970780.0,85494,zeneferious,OOTM,pve,dps,861335.2775,High,1076669.096875
30,3,989712.0,74984,molbrew,TL,pvp,dps,863474.49,High,1079343.1125
10,12,953265.0,99208,vanora,LoD,pvp,dps,864159.91125,High,1080199.8890625
35,7,964009.0,93101,zeneferious,OOTM,pve,dps,865202.36,High,1081502.95
1,11,997619.0,73042,velan,LoD,pve,dps,867314.15125,High,1084142.6890625
6,3,967367.0,94698,molbrew,TL,pvp,dps,869748.18625,High,1087185.2328125
27,3,974822.0,93439,molbrew,TL,pvp,dps,874056.88375,High,1092571.1046875
33,3,973658.0,98470,molbrew,TL,pvp,dps,879203.575,High,1099004.46875
32,3,982598.0,98084,molbrew,TL,pvp,dps,885723.3025,High,1107154.128125
20,6,412330.54,675189,cerdwin,TFW,pve,healer,1134891.993125,Medium,1305125.7920937499
